condition,rate,seed,acc_all,acc_no_attractor,acc_attractor,attractor_gap,mean_surprisal_correct_bits,n_all,n_attractor,n_no_attractor,checkpoint
baseline,0.0,1,0.8606387809677583,0.877262041441146,0.6616492146596858,0.2156128267814601,6.830204562899767,19819,1528,18291,lstm_baseline_seed1.pt
low,0.004,1,0.8614460870881477,0.8790662074244164,0.650523560209424,0.2285426472149924,7.010302301271536,19819,1528,18291,lstm_low_seed1.pt
medium_low,0.02,1,0.8594782784196983,0.8796675960855065,0.6178010471204188,0.26186654896508765,6.668636161350521,19819,1528,18291,lstm_medium_low_seed1.pt
medium_high,0.1,1,0.8269337504414955,0.8483953857088186,0.5700261780104712,0.2783692076983474,6.80599388942319,19819,1528,18291,lstm_medium_high_seed1.pt
high,0.5,1,0.6568948988344517,0.6700016401508939,0.5,0.17000164015089392,7.236567072001535,19819,1528,18291,lstm_high_seed1.pt
