model,condition,rate,seed,acc_all,acc_no_attractor,acc_attractor,attractor_gap,mean_surprisal_correct_bits,n_all,n_attractor,n_no_attractor,checkpoint
rnng,baseline,0.0,1,0.9796533534287868,0.9836199836199836,0.9339622641509434,0.049657719469040185,5.409294428007581,2654,212,2442,rnng_baseline_seed1.pt
rnng,low,0.004,1,0.979276563677468,0.9815724815724816,0.9528301886792453,0.028742292893236265,5.352407534769842,2654,212,2442,rnng_low_seed1.pt
rnng,medium_low,0.02,1,0.9762622456669179,0.9787059787059788,0.9481132075471698,0.030592771158808985,5.366164524991924,2654,212,2442,rnng_medium_low_seed1.pt
rnng,medium_high,0.1,1,0.975885455915599,0.9795249795249795,0.9339622641509434,0.04556271537403611,5.435471695265556,2654,212,2442,rnng_medium_high_seed1.pt
rnng,high,0.5,1,0.7415222305953278,0.7506142506142506,0.6367924528301887,0.11382179778406187,6.153441493036225,2654,212,2442,rnng_high_seed1.pt
